{
  "model": "GRU",
  "color": "darkorange",
  "val": {
    "MAE": 32.072796657681465,
    "MAPE": 5.8779469620444145,
    "RMSE": 42.02418196615141,
    "R2": 0.8727195933929829
  },
  "test": {
    "MAE": 65.35191724300384,
    "MAPE": 11.821116594383552,
    "RMSE": 73.89461004430434,
    "R2": 0.4950906000014976
  },
  "preds": [
    685.7550843954086,
    761.086369395256,
    735.2102603912354,
    671.9644334316254,
    499.74343860149384
  ],
  "real": [
    624.0,
    713.0,
    623.0,
    659.0,
    408.0
  ],
  "day_labels": [
    "Lundi",
    "Mardi",
    "Mercredi",
    "Jeudi",
    "Vendredi"
  ],
  "test_label": "S39/2023"
}