{
  "model": "GRU",
  "color": "darkorange",
  "val": {
    "MAE": 32.072796657681465,
    "MAPE": 5.8779469620444145,
    "RMSE": 42.02418196615141,
    "R2": 0.8727195933929829
  },
  "test": {
    "MAE": 65.35191724300384,
    "MAPE": 11.821116594383552,
    "RMSE": 73.89461004430434,
    "R2": 0.4950906000014976
  },
  "preds": [
    685.7550843954086,
    761.086369395256,
    735.2102603912354,
    671.9644334316254,
    499.74343860149384
  ],
  "real": [
    624.0,
    713.0,
    623.0,
    659.0,
    408.0
  ],
  "day_labels": [
    "Lundi",
    "Mardi",
    "Mercredi",
    "Jeudi",
    "Vendredi"
  ],
  "test_label": "S39/2023",
  "loss_history": {
    "train": [
      0.1557707194577564,
      0.035668787258592516,
      0.030395068363709882,
      0.025561240857297725,
      0.0207656871358102,
      0.022039093111049044,
      0.021956023980270734,
      0.01909316944127733,
      0.020645524781535973,
      0.018621852215040813,
      0.017567375793375754,
      0.017017378996719013,
      0.01635094542394985,
      0.018530069300058214,
      0.017833307630975136,
      0.01655597398904237,
      0.017999753999439153,
      0.01806324754248966,
      0.01685220856558193,
      0.01653270155868747,
      0.015764501318335532,
      0.016143076917664572,
      0.016167392446236176,
      0.015865416875617072,
      0.016903812556781552,
      0.01563500284471295,
      0.015251962849023666,
      0.015423358807509596,
      0.016411274942484767,
      0.01694566278972409,
      0.016066297677091577,
      0.014393842762166804,
      0.015784392980012028,
      0.015171847255392508,
      0.015512528659945185,
      0.016904274594377388,
      0.0158653392710469,
      0.015180542607876388,
      0.014456869517876343,
      0.014829334802925587,
      0.015606889619745991,
      0.014068359526043588,
      0.015491409091786906,
      0.013795224306258288,
      0.015258336033333432,
      0.013953578573736277,
      0.015932748636061495,
      0.01474841023710641,
      0.014987144822424109,
      0.014233649014071984,
      0.016345697607506406,
      0.013860185579820113,
      0.013995777239853685,
      0.014223751569674774,
      0.015171874043616381,
      0.013971773547713052,
      0.014097951623526487,
      0.013739605967632748,
      0.015008560263297775,
      0.012870714898136529,
      0.013997102393345399,
      0.01530910779468038,
      0.013156633146784523,
      0.013427619712257926,
      0.011977514827793296,
      0.012723477371037007,
      0.01380569345571778,
      0.012173144807192412,
      0.014296184666454792,
      0.011709637901830402,
      0.013197548162530768,
      0.013621006160974503,
      0.01272517407143658,
      0.013724831965836612,
      0.01364991007880731,
      0.01293459917333993,
      0.012623127448287877,
      0.013272100483829324,
      0.013045753310011192,
      0.012937461212277412,
      0.013169295137578791,
      0.012920396258546548
    ],
    "val": [
      0.04349922016263008,
      0.02391897141933441,
      0.009806444868445396,
      0.013696434907615185,
      0.00840165838599205,
      0.009700794704258442,
      0.008210473693907261,
      0.005339101888239384,
      0.01215672492980957,
      0.005443141330033541,
      0.006354331038892269,
      0.00666253874078393,
      0.004650710616260767,
      0.007333786226809025,
      0.004990103654563427,
      0.006191647611558437,
      0.006561500485986471,
      0.009011076763272285,
      0.006116797216236591,
      0.007811836898326874,
      0.0027189806569367647,
      0.0034959111362695694,
      0.0074115926399827,
      0.005325145088136196,
      0.0034315132070332766,
      0.003899967996403575,
      0.004928375594317913,
      0.009050264954566956,
      0.0033299042843282223,
      0.003976236563175917,
      0.005588927306234837,
      0.0055671678856015205,
      0.002150163520127535,
      0.0022141900844872,
      0.010656535625457764,
      0.00894641038030386,
      0.007384609431028366,
      0.0029685026966035366,
      0.0041200872510671616,
      0.004368766210973263,
      0.002545000286772847,
      0.0021093871910125017,
      0.003322343807667494,
      0.004535281099379063,
      0.004376975819468498,
      0.0021768745500594378,
      0.002513122046366334,
      0.002157243201509118,
      0.003100536298006773,
      0.0026235494296997786,
      0.002704054117202759,
      0.0031525909435003996,
      0.00487185176461935,
      0.003185161855071783,
      0.002250917023047805,
      0.0034343008883297443,
      0.004001474939286709,
      0.002863678615540266,
      0.002119530690833926,
      0.01076466403901577,
      0.012881049886345863,
      0.00456979451701045,
      0.0027020506095141172,
      0.0049700248055160046,
      0.002581459004431963,
      0.0045400261878967285,
      0.0033560101874172688,
      0.002710103988647461,
      0.003491602372378111,
      0.004159200936555862,
      0.0042937747202813625,
      0.0034994729794561863,
      0.003955229185521603,
      0.004590498749166727,
      0.0021552827674895525,
      0.006334878504276276,
      0.0025839912705123425,
      0.0026837182231247425,
      0.0059047057293355465,
      0.004665954038500786,
      0.002476532245054841,
      0.005170238204300404
    ]
  }
}