{
  "model": "LSTM",
  "color": "tomato",
  "val": {
    "MAE": 34.243774116039276,
    "MAPE": 6.163966930370565,
    "RMSE": 41.33980496338728,
    "R2": 0.8768314399697661
  },
  "test": {
    "MAE": 65.49778524637222,
    "MAPE": 11.716591632988854,
    "RMSE": 75.43742765358427,
    "R2": 0.4737868767716946
  },
  "preds": [
    664.5117270350456,
    768.5462748408318,
    749.0405606627464,
    677.8746890425682,
    494.5156746506691
  ],
  "real": [
    624.0,
    713.0,
    623.0,
    659.0,
    408.0
  ],
  "day_labels": [
    "Lundi",
    "Mardi",
    "Mercredi",
    "Jeudi",
    "Vendredi"
  ],
  "test_label": "S39/2023",
  "loss_history": {
    "train": [
      0.1815917134284973,
      0.0389655918221582,
      0.03229733138260516,
      0.028081221082671123,
      0.025689227489585225,
      0.026785311035134575,
      0.02338857887820764,
      0.02157996388321573,
      0.021610199609263376,
      0.018947797133163972,
      0.01796071603047577,
      0.019947600703347813,
      0.017977071401070466,
      0.018441521071574905,
      0.017423082278533415,
      0.017047916522080247,
      0.01810884926129471,
      0.01630379632115364,
      0.017485122839835558,
      0.016522242264314133,
      0.01584014129740271,
      0.016284557567401367,
      0.017973071133548565,
      0.01575642924925143,
      0.016600756177848036,
      0.018491655418818646,
      0.02043016574938189,
      0.015419822618026624,
      0.015178907577964392,
      0.0162364454516633,
      0.01716008701107719,
      0.015777430903505196,
      0.014524664027108388,
      0.016679574159735984,
      0.016005000031807205,
      0.015926816559989343,
      0.01471243951130997,
      0.014828804948113181,
      0.015488261390816082,
      0.01726325327022509,
      0.015150273278016936,
      0.014506619423627853,
      0.014819859196855262,
      0.014389183346859433,
      0.015304957973686131,
      0.016319806331937962,
      0.015346095338463784,
      0.013947294787927108,
      0.013547549870881167,
      0.013918499174443159,
      0.015160523498938842,
      0.01658432896841656,
      0.014254968952048908,
      0.01452149518511512,
      0.01380815329876813,
      0.014633628488941626,
      0.013846047595143319,
      0.013447315986691551,
      0.013555317829278383,
      0.014207612223584543,
      0.013446595464748416,
      0.014019539655948227,
      0.014224419150162827,
      0.014799003057520499,
      0.014225764166225086,
      0.013347954946485432,
      0.012964897128668698,
      0.013950149528682232,
      0.013558596541935747,
      0.013125515945086425,
      0.012788435554301198,
      0.012675875247540798,
      0.012810556065629829,
      0.01450078118253838,
      0.012668899726122618,
      0.012329158940437165,
      0.013433024890466848,
      0.0133608186786825
    ],
    "val": [
      0.0339663103222847,
      0.014377333223819733,
      0.014248264022171497,
      0.011722734197974205,
      0.013106848113238811,
      0.012178545817732811,
      0.008927871473133564,
      0.01123303547501564,
      0.01107062492519617,
      0.008880564011633396,
      0.004271752201020718,
      0.005136370658874512,
      0.008747706189751625,
      0.004203541669994593,
      0.003913556225597858,
      0.012202727608382702,
      0.0072660669684410095,
      0.00548451766371727,
      0.004886130336672068,
      0.0027788495644927025,
      0.004834402818232775,
      0.00830395333468914,
      0.00914027914404869,
      0.007861293852329254,
      0.012198259122669697,
      0.005830178968608379,
      0.003167381975799799,
      0.002522884402424097,
      0.004540447145700455,
      0.003990034572780132,
      0.005145957227796316,
      0.005215164739638567,
      0.00392595399171114,
      0.006191226653754711,
      0.005757638718932867,
      0.007998033426702023,
      0.0055298879742622375,
      0.002041242551058531,
      0.0024960085283964872,
      0.004198820795863867,
      0.0043727681040763855,
      0.004784473218023777,
      0.004213853273540735,
      0.002414898481220007,
      0.0047133443877100945,
      0.013588386587798595,
      0.00512051023542881,
      0.006992546375840902,
      0.004915183410048485,
      0.0031783883459866047,
      0.0028190293814986944,
      0.0024513655807822943,
      0.004909859504550695,
      0.004723764024674892,
      0.0029579862020909786,
      0.0035947742871940136,
      0.0037125684320926666,
      0.004238779656589031,
      0.0026161461137235165,
      0.002978285774588585,
      0.0035262159071862698,
      0.006022832356393337,
      0.002543885027989745,
      0.003247822169214487,
      0.007333631161600351,
      0.0026488492731004953,
      0.0043371571227908134,
      0.004382742568850517,
      0.002502162242308259,
      0.004230723716318607,
      0.005216877907514572,
      0.006244028452783823,
      0.0021166179794818163,
      0.0022391153033822775,
      0.0041232118383049965,
      0.005598640069365501,
      0.004893860314041376,
      0.005095342639833689
    ]
  }
}