{
  "model": "LSTM",
  "color": "tomato",
  "val": {
    "MAE": 34.243774116039276,
    "MAPE": 6.163966930370565,
    "RMSE": 41.33980496338728,
    "R2": 0.8768314399697661
  },
  "test": {
    "MAE": 65.49778524637222,
    "MAPE": 11.716591632988854,
    "RMSE": 75.43742765358427,
    "R2": 0.4737868767716946
  },
  "preds": [
    664.5117270350456,
    768.5462748408318,
    749.0405606627464,
    677.8746890425682,
    494.5156746506691
  ],
  "real": [
    624.0,
    713.0,
    623.0,
    659.0,
    408.0
  ],
  "day_labels": [
    "Lundi",
    "Mardi",
    "Mercredi",
    "Jeudi",
    "Vendredi"
  ],
  "test_label": "S39/2023"
}