{
  "model": "RNN",
  "color": "mediumpurple",
  "val": {
    "MAE": 33.78419830203056,
    "MAPE": 6.025200172424968,
    "RMSE": 45.40198462353984,
    "R2": 0.8514363051614374
  },
  "test": {
    "MAE": 34.78493676185608,
    "MAPE": 6.727200222531328,
    "RMSE": 50.693119044446135,
    "R2": 0.7623783761221468
  },
  "preds": [
    629.7878232002258,
    714.6129086017609,
    712.4621381759644,
    650.8016290664673,
    476.86344289779663
  ],
  "real": [
    624.0,
    713.0,
    623.0,
    659.0,
    408.0
  ],
  "day_labels": [
    "Lundi",
    "Mardi",
    "Mercredi",
    "Jeudi",
    "Vendredi"
  ],
  "test_label": "S39/2023"
}