{
  "model": "RNN",
  "color": "mediumpurple",
  "val": {
    "MAE": 33.78419830203056,
    "MAPE": 6.025200172424968,
    "RMSE": 45.40198462353984,
    "R2": 0.8514363051614374
  },
  "test": {
    "MAE": 34.78493676185608,
    "MAPE": 6.727200222531328,
    "RMSE": 50.693119044446135,
    "R2": 0.7623783761221468
  },
  "preds": [
    629.7878232002258,
    714.6129086017609,
    712.4621381759644,
    650.8016290664673,
    476.86344289779663
  ],
  "real": [
    624.0,
    713.0,
    623.0,
    659.0,
    408.0
  ],
  "day_labels": [
    "Lundi",
    "Mardi",
    "Mercredi",
    "Jeudi",
    "Vendredi"
  ],
  "test_label": "S39/2023",
  "loss_history": {
    "train": [
      0.19234133139252663,
      0.03281352255832065,
      0.01826615667986599,
      0.017319742327725346,
      0.016995043002746322,
      0.016390212201936677,
      0.016079792837527664,
      0.01583960418674079,
      0.015419373483481732,
      0.015880342843857677,
      0.015898519712076946,
      0.014620649264278737,
      0.015231122906235132,
      0.014835232860324057,
      0.015149397910995916,
      0.014514155668968505,
      0.014519585800272497,
      0.014588263089006598,
      0.01449583557180383,
      0.013913104463029992,
      0.01438592240976339,
      0.0138185573911125,
      0.01374082284217531,
      0.014456090314144437,
      0.0143896146254106,
      0.01320790546861562,
      0.013199002139100973,
      0.013243975998325781,
      0.013142379932105541,
      0.013418422199108384,
      0.013587953929196704,
      0.013415048368783159,
      0.013096568936651403,
      0.012960830449380657,
      0.013292137846689332,
      0.013305999999019233,
      0.0129963946740397,
      0.013001477074894038,
      0.013232874586670235,
      0.012804906984621828,
      0.013003518449311907,
      0.012963315319608558,
      0.013095995699140158,
      0.012653367043557491
    ],
    "val": [
      0.03480660170316696,
      0.012492328882217407,
      0.003501021070405841,
      0.0024621100164949894,
      0.0032422461081296206,
      0.005887980572879314,
      0.003987134899944067,
      0.004198016598820686,
      0.0031305025331676006,
      0.004980532918125391,
      0.006537620909512043,
      0.003090065438300371,
      0.004299824591726065,
      0.006405632011592388,
      0.003625589655712247,
      0.003092816798016429,
      0.005454246886074543,
      0.004700779914855957,
      0.0030711872968822718,
      0.004738170187920332,
      0.0058769225142896175,
      0.003238785546272993,
      0.008495807647705078,
      0.005368754267692566,
      0.0032227416522800922,
      0.004471019841730595,
      0.0036950022913515568,
      0.0038980082608759403,
      0.005894598085433245,
      0.00369931454770267,
      0.00402591098099947,
      0.005475541111081839,
      0.004131247289478779,
      0.0038931858725845814,
      0.0034717232920229435,
      0.00454745814204216,
      0.0037153076846152544,
      0.005214429926127195,
      0.005208843387663364,
      0.003857360454276204,
      0.005633125547319651,
      0.0054666223004460335,
      0.005165111273527145,
      0.0037966303061693907
    ]
  }
}