{
  "model": "XGBoost",
  "color": "forestgreen",
  "val": {
    "MAE": 58.36033325195312,
    "MAPE": 9.691579516484259,
    "RMSE": 70.51613434250989,
    "R2": 0.6416230984103821
  },
  "test": {
    "MAE": 54.906561279296874,
    "MAPE": 9.932406421919419,
    "RMSE": 60.48146367876966,
    "R2": 0.6617541176843303
  },
  "preds": [
    666.0894165039062,
    777.4617919921875,
    696.0538330078125,
    647.0374755859375,
    490.9652404785156
  ],
  "real": [
    624.0,
    713.0,
    623.0,
    659.0,
    408.0
  ],
  "day_labels": [
    "Lundi",
    "Mardi",
    "Mercredi",
    "Jeudi",
    "Vendredi"
  ],
  "test_label": "S39/2023"
}